date,home,away,home_score,away_score,winner,loser,winner_score,loser_score
2025-10-21,OKC,HOU,125,124,OKC,HOU,125,124
2025-10-21,LAL,GS,109,119,GS,LAL,119,109
2025-10-22,NY,CLE,119,111,NY,CLE,119,111
2025-10-22,CHA,BKN,136,117,CHA,BKN,136,117
2025-10-22,ORL,MIA,125,121,ORL,MIA,125,121
2025-10-22,ATL,TOR,118,138,TOR,ATL,138,118
2025-10-22,BOS,PHI,116,117,PHI,BOS,117,116
2025-10-22,CHI,DET,115,111,CHI,DET,115,111
2025-10-22,MEM,NO,128,122,MEM,NO,128,122
2025-10-22,MIL,WSH,133,120,MIL,WSH,133,120
2025-10-22,UTAH,LAC,129,108,UTAH,LAC,129,108
2025-10-22,DAL,SA,92,125,SA,DAL,125,92
2025-10-22,PHX,SAC,120,116,PHX,SAC,120,116
2025-10-22,POR,MIN,114,118,MIN,POR,118,114
2025-10-23,IND,OKC,135,141,OKC,IND,141,135
2025-10-23,GS,DEN,137,131,GS,DEN,137,131
2025-10-24,TOR,MIL,116,122,MIL,TOR,122,116
2025-10-24,ORL,ATL,107,111,ATL,ORL,111,107
2025-10-24,BKN,CLE,124,131,CLE,BKN,131,124
2025-10-24,NY,BOS,105,95,NY,BOS,105,95
2025-10-24,HOU,DET,111,115,DET,HOU,115,111
2025-10-24,MEM,MIA,114,146,MIA,MEM,146,114
2025-10-24,NO,SA,116,120,SA,NO,120,116
2025-10-24,DAL,WSH,107,117,WSH,DAL,117,107
2025-10-24,LAL,MIN,128,110,LAL,MIN,128,110
2025-10-24,POR,GS,139,119,POR,GS,139,119
2025-10-24,SAC,UTAH,105,104,SAC,UTAH,105,104
2025-10-24,LAC,PHX,129,102,LAC,PHX,129,102
2025-10-25,ORL,CHI,98,110,CHI,ORL,110,98
2025-10-25,ATL,OKC,100,117,OKC,ATL,117,100
2025-10-25,PHI,CHA,125,121,PHI,CHA,125,121
2025-10-25,MEM,IND,128,103,MEM,IND,128,103
2025-10-25,DEN,PHX,133,111,DEN,PHX,133,111
2025-10-26,SA,BKN,118,107,SA,BKN,118,107
2025-10-26,DET,BOS,119,113,DET,BOS,119,113
2025-10-26,CLE,MIL,118,113,CLE,MIL,118,113
2025-10-26,MIA,NY,115,107,MIA,NY,115,107
2025-10-26,WSH,CHA,113,139,CHA,WSH,139,113
2025-10-26,MIN,IND,114,110,MIN,IND,114,110
2025-10-26,DAL,TOR,139,129,DAL,TOR,139,129
2025-10-26,LAC,POR,114,107,LAC,POR,114,107
2025-10-26,SAC,LAL,120,127,LAL,SAC,127,120
2025-10-27,DET,CLE,95,116,CLE,DET,116,95
2025-10-27,PHI,ORL,136,124,PHI,ORL,136,124
2025-10-27,CHI,ATL,128,123,CHI,ATL,128,123
2025-10-27,HOU,BKN,137,109,HOU,BKN,137,109
2025-10-27,NO,BOS,90,122,BOS,NO,122,90
2025-10-27,SA,TOR,121,103,SA,TOR,121,103
2025-10-27,DAL,OKC,94,101,OKC,DAL,101,94
2025-10-27,UTAH,PHX,138,134,UTAH,PHX,138,134
2025-10-27,MIN,DEN,114,127,DEN,MIN,127,114
2025-10-27,GS,MEM,131,118,GS,MEM,131,118
2025-10-27,LAL,POR,108,122,POR,LAL,122,108
2025-10-28,WSH,PHI,134,139,PHI,WSH,139,134
2025-10-28,MIA,CHA,144,117,MIA,CHA,144,117
2025-10-28,MIL,NY,121,111,MIL,NY,121,111
2025-10-28,OKC,SAC,107,101,OKC,SAC,107,101
2025-10-28,GS,LAC,98,79,GS,LAC,98,79
2025-10-29,TOR,HOU,121,139,HOU,TOR,139,121
2025-10-29,BOS,CLE,125,105,BOS,CLE,125,105
2025-10-29,DET,ORL,135,116,DET,ORL,135,116
2025-10-29,BKN,ATL,112,117,ATL,BKN,117,112
2025-10-29,CHI,SAC,126,113,CHI,SAC,126,113
2025-10-29,DAL,IND,107,105,DAL,IND,107,105
2025-10-29,DEN,NO,122,88,DEN,NO,122,88
2025-10-29,UTAH,POR,134,136,POR,UTAH,136,134
2025-10-29,MIN,LAL,115,116,LAL,MIN,116,115
2025-10-29,PHX,MEM,113,114,MEM,PHX,114,113
2025-10-30,CHA,ORL,107,123,ORL,CHA,123,107
2025-10-30,MIL,GS,120,110,MIL,GS,120,110
2025-10-30,OKC,WSH,127,108,OKC,WSH,127,108
2025-10-30,SA,MIA,107,101,SA,MIA,107,101
2025-10-31,IND,ATL,108,128,ATL,IND,128,108
2025-10-31,PHI,BOS,108,109,BOS,PHI,109,108
2025-10-31,CLE,TOR,101,112,TOR,CLE,112,101
2025-10-31,CHI,NY,135,125,CHI,NY,135,125
2025-10-31,MEM,LAL,112,117,LAL,MEM,117,112
2025-10-31,PHX,UTAH,118,96,PHX,UTAH,118,96
2025-10-31,POR,DEN,109,107,POR,DEN,109,107
2025-10-31,LAC,NO,126,124,LAC,NO,126,124
2025-11-01,MIL,SAC,133,135,SAC,MIL,135,133
2025-11-01,CHA,MIN,105,122,MIN,CHA,122,105
2025-11-01,IND,GS,114,109,IND,GS,114,109
2025-11-01,WSH,ORL,94,125,ORL,WSH,125,94
2025-11-01,BOS,HOU,101,128,HOU,BOS,128,101
2025-11-01,DET,DAL,122,110,DET,DAL,122,110
2025-11-02,OKC,NO,137,106,OKC,NO,137,106
2025-11-02,BKN,PHI,105,129,PHI,BKN,129,105
2025-11-02,CHA,UTAH,126,103,CHA,UTAH,126,103
2025-11-02,CLE,ATL,117,109,CLE,ATL,117,109
2025-11-02,TOR,MEM,117,104,TOR,MEM,117,104
2025-11-02,NY,CHI,128,116,NY,CHI,128,116
2025-11-02,PHX,SA,130,118,PHX,SA,130,118
2025-11-02,LAL,MIA,130,120,LAL,MIA,130,120
2025-11-03,BKN,MIN,109,125,MIN,BKN,125,109
2025-11-03,IND,MIL,115,117,MIL,IND,117,115
2025-11-03,BOS,UTAH,103,105,UTAH,BOS,105,103
2025-11-03,NY,WSH,119,102,NY,WSH,119,102
2025-11-03,HOU,DAL,110,102,HOU,DAL,110,102
2025-11-03,MEM,DET,106,114,DET,MEM,114,106
2025-11-03,DEN,SAC,130,124,DEN,SAC,130,124
2025-11-03,POR,LAL,115,123,LAL,POR,123,115
2025-11-03,LAC,MIA,119,120,MIA,LAC,120,119
2025-11-04,TOR,MIL,128,100,TOR,MIL,128,100
2025-11-04,ATL,ORL,127,112,ATL,ORL,127,112
2025-11-04,CHI,PHI,113,111,CHI,PHI,113,111
2025-11-04,NO,CHA,116,112,NO,CHA,116,112
2025-11-04,GS,PHX,118,107,GS,PHX,118,107
2025-11-04,LAC,OKC,107,126,OKC,LAC,126,107
2025-11-05,CLE,PHI,132,121,CLE,PHI,132,121
2025-11-05,DET,UTAH,114,103,DET,UTAH,114,103
2025-11-05,IND,BKN,103,112,BKN,IND,112,103
2025-11-05,BOS,WSH,136,107,BOS,WSH,136,107
2025-11-05,NY,MIN,137,114,NY,MIN,137,114
2025-11-05,MEM,HOU,109,124,HOU,MEM,124,109
2025-11-05,DAL,NO,99,101,NO,DAL,101,99
2025-11-05,DEN,MIA,122,112,DEN,MIA,122,112
2025-11-05,LAL,SA,118,116,LAL,SA,118,116
2025-11-05,POR,OKC,121,119,POR,OKC,121,119
2025-11-05,SAC,GS,121,116,SAC,GS,121,116
2025-11-06,PHX,LAC,115,102,PHX,LAC,115,102
2025-11-07,ORL,BOS,123,110,ORL,BOS,123,110
2025-11-07,WSH,CLE,115,148,CLE,WSH,148,115
2025-11-07,ATL,TOR,97,109,TOR,ATL,109,97
2025-11-07,BKN,DET,107,125,DET,BKN,125,107
2025-11-07,SA,HOU,121,110,SA,HOU,121,110
2025-11-07,MIA,CHA,126,108,MIA,CHA,126,108
2025-11-07,MEM,DAL,118,104,MEM,DAL,118,104
2025-11-07,MIL,CHI,126,110,MIL,CHI,126,110
2025-11-07,MIN,UTAH,137,97,MIN,UTAH,137,97
2025-11-07,DEN,GS,129,104,DEN,GS,129,104
2025-11-07,SAC,OKC,101,132,OKC,SAC,132,101
2025-11-08,WSH,DAL,105,111,DAL,WSH,111,105
2025-11-08,PHI,TOR,130,120,PHI,TOR,130,120
2025-11-08,ATL,LAL,122,102,ATL,LAL,122,102
2025-11-08,CLE,CHI,128,122,CLE,CHI,128,122
2025-11-08,MIA,POR,136,131,MIA,POR,136,131
2025-11-08,SA,NO,126,119,SA,NO,126,119
2025-11-08,DEN,IND,117,100,DEN,IND,117,100
2025-11-08,LAC,PHX,103,114,PHX,LAC,114,103
2025-11-09,MIL,HOU,115,122,HOU,MIL,122,115
2025-11-09,NY,BKN,134,98,NY,BKN,134,98
2025-11-09,ORL,BOS,107,111,BOS,ORL,111,107
2025-11-09,MEM,OKC,100,114,OKC,MEM,114,100
2025-11-09,PHI,DET,108,111,DET,PHI,111,108
2025-11-09,GS,IND,114,83,GS,IND,114,83
2025-11-09,SAC,MIN,117,144,MIN,SAC,144,117
2025-11-10,CHA,LAL,111,121,LAL,CHA,121,111
2025-11-10,DET,WSH,137,135,DET,WSH,137,135
2025-11-10,ORL,POR,115,112,ORL,POR,115,112
2025-11-10,MIA,CLE,140,138,MIA,CLE,140,138
2025-11-10,CHI,SA,117,121,SA,CHI,121,117
2025-11-10,DAL,MIL,114,116,MIL,DAL,116,114
2025-11-10,PHX,NO,121,98,PHX,NO,121,98
2025-11-10,UTAH,MIN,113,120,MIN,UTAH,120,113
2025-11-10,LAC,ATL,102,105,ATL,LAC,105,102
2025-11-11,BKN,TOR,109,119,TOR,BKN,119,109
2025-11-11,NY,MEM,133,120,NY,MEM,133,120
2025-11-11,PHI,BOS,102,100,PHI,BOS,102,100
2025-11-11,OKC,GS,126,102,OKC,GS,126,102
2025-11-11,UTAH,IND,152,128,UTAH,IND,152,128
2025-11-11,SAC,DEN,108,122,DEN,SAC,122,108
2025-11-12,CHA,MIL,111,100,CHA,MIL,111,100
2025-11-12,DET,CHI,124,113,DET,CHI,124,113
2025-11-12,NY,ORL,107,124,ORL,NY,124,107
2025-11-12,BOS,MEM,131,95,BOS,MEM,131,95
2025-11-12,MIA,CLE,116,130,CLE,MIA,130,116
2025-11-12,HOU,WSH,135,112,HOU,WSH,135,112
2025-11-12,NO,POR,117,125,POR,NO,125,117
2025-11-12,SA,GS,120,125,GS,SA,125,120
2025-11-12,DAL,PHX,114,123,PHX,DAL,123,114
2025-11-12,OKC,LAL,121,92,OKC,LAL,121,92
2025-11-12,SAC,ATL,100,133,ATL,SAC,133,100
2025-11-12,LAC,DEN,116,130,DEN,LAC,130,116
2025-11-13,CLE,TOR,113,126,TOR,CLE,126,113
2025-11-13,PHX,IND,133,98,PHX,IND,133,98
2025-11-13,UTAH,ATL,122,132,ATL,UTAH,132,122
2025-11-14,NY,MIA,140,132,NY,MIA,140,132
2025-11-14,ORL,BKN,105,98,ORL,BKN,105,98
2025-11-14,DET,PHI,114,105,DET,PHI,114,105
2025-11-14,HOU,POR,140,116,HOU,POR,140,116
2025-11-14,MIL,CHA,147,134,MIL,CHA,147,134
2025-11-14,MIN,SAC,124,110,MIN,SAC,124,110
2025-11-14,NO,LAL,104,118,LAL,NO,118,104
2025-11-14,DAL,LAC,127,133,LAC,DAL,133,127
2025-11-14,SA,GS,108,109,GS,SA,109,108
2025-11-15,CLE,MEM,108,100,CLE,MEM,108,100
2025-11-15,CHA,OKC,96,109,OKC,CHA,109,96
2025-11-15,IND,TOR,111,129,TOR,IND,129,111
2025-11-15,MIL,LAL,95,119,LAL,MIL,119,95
2025-11-15,MIN,DEN,112,123,DEN,MIN,123,112
2025-11-16,BOS,LAC,121,118,BOS,LAC,121,118
2025-11-16,SA,SAC,123,110,SA,SAC,123,110
2025-11-16,WSH,BKN,106,129,BKN,WSH,129,106
2025-11-16,HOU,ORL,117,113,HOU,ORL,117,113
2025-11-16,NO,GS,106,124,GS,NO,124,106
2025-11-16,DAL,POR,138,133,DAL,POR,138,133
2025-11-16,PHX,ATL,122,124,ATL,PHX,124,122
2025-11-16,UTAH,CHI,150,147,UTAH,CHI,150,147
2025-11-17,CLE,MIL,118,106,CLE,MIL,118,106
2025-11-17,DET,IND,127,112,DET,IND,127,112
2025-11-17,PHI,LAC,110,108,PHI,LAC,110,108
2025-11-17,MIA,NY,115,113,MIA,NY,115,113
2025-11-17,TOR,CHA,110,108,TOR,CHA,110,108
2025-11-17,MIN,DAL,120,96,MIN,DAL,120,96
2025-11-17,NO,OKC,109,126,OKC,NO,126,109
2025-11-17,DEN,CHI,127,130,CHI,DEN,130,127
2025-11-18,ORL,GS,121,113,ORL,GS,121,113
2025-11-18,BKN,BOS,99,113,BOS,BKN,113,99
2025-11-18,ATL,DET,112,120,DET,ATL,120,112
2025-11-18,SA,MEM,111,101,SA,MEM,111,101
2025-11-18,LAL,UTAH,140,126,LAL,UTAH,140,126
2025-11-18,POR,PHX,110,127,PHX,POR,127,110
2025-11-19,CLE,HOU,104,114,HOU,CLE,114,104
2025-11-19,IND,CHA,127,118,IND,CHA,127,118
2025-11-19,PHI,TOR,112,121,TOR,PHI,121,112
2025-11-19,MIA,GS,110,96,MIA,GS,110,96
2025-11-19,MIN,WSH,120,109,MIN,WSH,120,109
2025-11-19,NO,DEN,118,125,DEN,NO,125,118
2025-11-19,OKC,SAC,113,99,OKC,SAC,113,99
2025-11-19,DAL,NY,111,113,NY,DAL,113,111
2025-11-19,POR,CHI,121,122,CHI,POR,122,121
2025-11-20,ORL,LAC,129,101,ORL,LAC,129,101
2025-11-20,MEM,SAC,137,96,MEM,SAC,137,96
2025-11-20,MIL,PHI,114,123,PHI,MIL,123,114
2025-11-20,SA,ATL,135,126,SA,ATL,135,126
2025-11-21,CLE,IND,120,109,CLE,IND,120,109
2025-11-21,BOS,BKN,105,113,BKN,BOS,113,105
2025-11-21,TOR,WSH,140,110,TOR,WSH,140,110
2025-11-21,CHI,MIA,107,143,MIA,CHI,143,107
2025-11-21,DAL,NO,118,115,DAL,NO,118,115
2025-11-21,PHX,MIN,114,113,PHX,MIN,114,113
2025-11-21,HOU,DEN,109,112,DEN,HOU,112,109
2025-11-21,UTAH,OKC,112,144,OKC,UTAH,144,112
2025-11-21,GS,POR,123,127,POR,GS,127,123
2025-11-22,CHA,LAC,116,131,LAC,CHA,131,116
2025-11-22,ORL,NY,133,121,ORL,NY,133,121
2025-11-22,NO,ATL,98,115,ATL,NO,115,98
2025-11-22,CHI,WSH,121,120,CHI,WSH,121,120
2025-11-22,MIL,DET,116,129,DET,MIL,129,116
2025-11-22,DAL,MEM,96,102,MEM,DAL,102,96
2025-11-22,DEN,SAC,123,128,SAC,DEN,128,123
2025-11-23,PHI,MIA,117,127,MIA,PHI,127,117
2025-11-23,ATL,CHA,113,110,ATL,CHA,113,110
2025-11-23,BOS,ORL,138,129,BOS,ORL,138,129
2025-11-23,CLE,LAC,120,105,CLE,LAC,120,105
2025-11-23,TOR,BKN,119,109,TOR,BKN,119,109
2025-11-23,OKC,POR,122,95,OKC,POR,122,95
2025-11-23,PHX,SA,111,102,PHX,SA,111,102
2025-11-23,UTAH,LAL,106,108,LAL,UTAH,108,106
2025-11-24,IND,DET,117,122,DET,IND,122,117
2025-11-24,TOR,CLE,110,99,TOR,CLE,110,99
2025-11-24,BKN,NY,100,113,NY,BKN,113,100
2025-11-24,MIA,DAL,106,102,MIA,DAL,106,102
2025-11-24,MEM,DEN,115,125,DEN,MEM,125,115
2025-11-24,MIL,POR,103,115,POR,MIL,115,103
2025-11-24,NO,CHI,143,130,NO,CHI,143,130
2025-11-24,PHX,HOU,92,114,HOU,PHX,114,92
2025-11-24,GS,UTAH,134,117,GS,UTAH,134,117
2025-11-24,SAC,MIN,117,112,SAC,MIN,117,112
2025-11-25,WSH,ATL,132,113,WSH,ATL,132,113
2025-11-25,PHI,ORL,103,144,ORL,PHI,144,103
2025-11-25,LAL,LAC,135,118,LAL,LAC,135,118
2025-11-26,BOS,DET,117,114,BOS,DET,117,114
2025-11-26,CHA,NY,101,129,NY,CHA,129,101
2025-11-26,MIA,MIL,106,103,MIA,MIL,106,103
2025-11-26,TOR,IND,97,95,TOR,IND,97,95
2025-11-26,OKC,MIN,113,105,OKC,MIN,113,105
2025-11-26,NO,MEM,128,133,MEM,NO,133,128
2025-11-26,GS,HOU,100,104,HOU,GS,104,100
2025-11-26,POR,SA,102,115,SA,POR,115,102
2025-11-26,SAC,PHX,100,112,PHX,SAC,112,100
2025-11-28,ATL,CLE,130,123,ATL,CLE,130,123
2025-11-28,BKN,PHI,103,115,PHI,BKN,115,103
2025-11-28,CHA,CHI,123,116,CHA,CHI,123,116
2025-11-28,DET,ORL,109,112,ORL,DET,112,109
2025-11-28,IND,WSH,119,86,IND,WSH,119,86
2025-11-28,NY,MIL,118,109,NY,MIL,118,109
2025-11-28,OKC,PHX,123,119,OKC,PHX,123,119
2025-11-28,DEN,SA,136,139,SA,DEN,139,136
2025-11-28,UTAH,SAC,128,119,UTAH,SAC,128,119
2025-11-28,LAL,DAL,129,119,LAL,DAL,129,119
2025-11-28,LAC,MEM,107,112,MEM,LAC,112,107
2025-11-29,MIN,BOS,119,115,MIN,BOS,119,115
2025-11-29,CHA,TOR,118,111,CHA,TOR,118,111
2025-11-29,IND,CHI,103,101,IND,CHI,103,101
2025-11-29,MIA,DET,135,138,DET,MIA,138,135
2025-11-29,MIL,BKN,116,99,MIL,BKN,116,99
2025-11-29,GS,NO,104,96,GS,NO,104,96
2025-11-29,PHX,DEN,112,130,DEN,PHX,130,112
2025-11-29,LAC,DAL,110,114,DAL,LAC,114,110
2025-11-30,UTAH,HOU,101,129,HOU,UTAH,129,101
2025-11-30,CLE,BOS,115,117,BOS,CLE,117,115
2025-11-30,NY,TOR,116,94,NY,TOR,116,94
2025-11-30,PHI,ATL,134,142,ATL,PHI,142,134
2025-11-30,POR,OKC,115,123,OKC,POR,123,115
2025-11-30,MIN,SA,125,112,MIN,SA,125,112
2025-11-30,SAC,MEM,107,115,MEM,SAC,115,107
2025-11-30,LAL,NO,133,121,LAL,NO,133,121
2025-12-01,DET,ATL,99,98,DET,ATL,99,98
2025-12-01,IND,CLE,119,135,CLE,IND,135,119
2025-12-01,WSH,MIL,129,126,WSH,MIL,129,126
2025-12-01,BKN,CHA,116,103,BKN,CHA,116,103
2025-12-01,MIA,LAC,140,123,MIA,LAC,140,123
2025-12-01,ORL,CHI,125,120,ORL,CHI,125,120
2025-12-01,DEN,DAL,121,131,DAL,DEN,131,121
2025-12-01,UTAH,HOU,133,125,UTAH,HOU,133,125
2025-12-01,LAL,PHX,108,125,PHX,LAL,125,108
2025-12-02,PHI,WSH,121,102,PHI,WSH,121,102
2025-12-02,TOR,POR,121,118,TOR,POR,121,118
2025-12-02,BOS,NY,123,117,BOS,NY,123,117
2025-12-02,NO,MIN,142,149,MIN,NO,149,142
2025-12-02,SA,MEM,126,119,SA,MEM,126,119
2025-12-02,GS,OKC,112,124,OKC,GS,124,112
2025-12-03,CLE,POR,110,122,POR,CLE,122,110
2025-12-03,IND,DEN,120,135,DEN,IND,135,120
2025-12-03,ORL,SA,112,114,SA,ORL,114,112
2025-12-03,ATL,LAC,92,115,LAC,ATL,115,92
2025-12-03,NY,CHA,119,104,NY,CHA,119,104
2025-12-03,CHI,BKN,103,113,BKN,CHI,113,103
2025-12-03,HOU,SAC,121,95,HOU,SAC,121,95
2025-12-03,MIL,DET,113,109,MIL,DET,113,109
2025-12-03,DAL,MIA,118,108,DAL,MIA,118,108
2025-12-04,PHI,GS,99,98,PHI,GS,99,98
2025-12-04,WSH,BOS,101,146,BOS,WSH,146,101
2025-12-04,BKN,UTAH,110,123,UTAH,BKN,123,110
2025-12-04,TOR,LAL,120,123,LAL,TOR,123,120
2025-12-04,NO,MIN,116,125,MIN,NO,125,116
2025-12-05,BOS,LAL,126,105,BOS,LAL,126,105
2025-12-05,ORL,MIA,106,105,ORL,MIA,106,105
2025-12-05,ATL,DEN,133,134,DEN,ATL,134,133
2025-12-05,CLE,SA,130,117,CLE,SA,130,117
2025-12-05,DET,POR,122,116,DET,POR,122,116
2025-12-05,NY,UTAH,146,112,NY,UTAH,146,112
2025-12-05,TOR,CHA,86,111,CHA,TOR,111,86
2025-12-05,CHI,IND,105,120,IND,CHI,120,105
2025-12-05,HOU,PHX,117,98,HOU,PHX,117,98
2025-12-05,MEM,LAC,107,98,MEM,LAC,107,98
2025-12-05,MIL,PHI,101,116,PHI,MIL,116,101
2025-12-05,OKC,DAL,132,111,OKC,DAL,132,111
2025-12-06,BKN,NO,119,101,BKN,NO,119,101
2025-12-06,WSH,ATL,116,131,ATL,WSH,131,116
2025-12-06,CLE,GS,94,99,GS,CLE,99,94
2025-12-06,DET,MIL,124,112,DET,MIL,124,112
2025-12-06,MIA,SAC,111,127,SAC,MIA,127,111
2025-12-06,MIN,LAC,109,106,MIN,LAC,109,106
2025-12-06,DAL,HOU,122,109,DAL,HOU,122,109
2025-12-07,NY,ORL,106,100,NY,ORL,106,100
2025-12-07,TOR,BOS,113,121,BOS,TOR,121,113
2025-12-07,CHA,DEN,106,115,DEN,CHA,115,106
2025-12-07,MEM,POR,119,96,MEM,POR,119,96
2025-12-07,CHI,GS,91,123,GS,CHI,123,91
2025-12-07,PHI,LAL,108,112,LAL,PHI,112,108
2025-12-07,UTAH,OKC,101,131,OKC,UTAH,131,101
2025-12-08,IND,SAC,116,105,IND,SAC,116,105
2025-12-08,MIN,PHX,105,108,PHX,MIN,108,105
2025-12-08,NO,SA,132,135,SA,NO,135,132
2025-12-09,ORL,MIA,117,108,ORL,MIA,117,108
2025-12-09,TOR,NY,101,117,NY,TOR,117,101
2025-12-10,OKC,PHX,138,89,OKC,PHX,138,89
2025-12-10,LAL,SA,119,132,SA,LAL,132,119
2025-12-11,HOU,LAC,115,113,HOU,LAC,115,113
2025-12-11,MIL,BOS,116,101,MIL,BOS,116,101
2025-12-11,NO,POR,143,120,NO,POR,143,120
2025-12-11,SAC,DEN,105,136,DEN,SAC,136,105
2025-12-12,CHA,CHI,126,129,CHI,CHA,129,126
2025-12-12,DET,ATL,142,115,DET,ATL,142,115
2025-12-12,PHI,IND,115,105,PHI,IND,115,105
2025-12-12,WSH,CLE,126,130,CLE,WSH,130,126
2025-12-12,MEM,UTAH,126,130,UTAH,MEM,130,126
2025-12-12,DAL,BKN,119,111,DAL,BKN,119,111
2025-12-12,GS,MIN,120,127,MIN,GS,127,120
2025-12-13,ORL,NY,120,132,NY,ORL,132,120
2025-12-13,OKC,SA,109,111,SA,OKC,111,109
2025-12-14,IND,WSH,89,108,WSH,IND,108,89
2025-12-14,CLE,CHA,111,119,CHA,CLE,119,111
2025-12-14,ATL,PHI,120,117,ATL,PHI,120,117
2025-12-14,BKN,MIL,127,82,BKN,MIL,127,82
2025-12-14,MIN,SAC,117,103,MIN,SAC,117,103
2025-12-14,CHI,NO,104,114,NO,CHI,114,104
2025-12-14,PHX,LAL,114,116,LAL,PHX,116,114
2025-12-14,POR,GS,136,131,POR,GS,136,131
2025-12-15,BOS,DET,105,112,DET,BOS,112,105
2025-12-15,MIA,TOR,96,106,TOR,MIA,106,96
2025-12-15,UTAH,DAL,140,133,UTAH,DAL,140,133
2025-12-15,DEN,HOU,128,125,DEN,HOU,128,125
2025-12-15,LAC,MEM,103,121,MEM,LAC,121,103
2025-12-16,NY,SA,124,113,NY,SA,124,113
2025-12-17,CHI,CLE,127,111,CHI,CLE,127,111
2025-12-17,MIN,MEM,110,116,MEM,MIN,116,110
2025-12-18,CHA,ATL,133,126,CHA,ATL,133,126
2025-12-18,IND,NY,113,114,NY,IND,114,113
2025-12-18,BKN,MIA,95,106,MIA,BKN,106,95
2025-12-18,OKC,LAC,122,101,OKC,LAC,122,101
2025-12-18,SA,WSH,119,94,SA,WSH,119,94
2025-12-18,MIL,TOR,105,111,TOR,MIL,111,105
2025-12-18,NO,HOU,133,128,NO,HOU,133,128
2025-12-18,DAL,DET,116,114,DAL,DET,116,114
2025-12-18,DEN,ORL,126,115,DEN,ORL,126,115
2025-12-18,PHX,GS,99,98,PHX,GS,99,98
2025-12-18,UTAH,LAL,135,143,LAL,UTAH,143,135
2025-12-18,POR,SAC,134,133,POR,SAC,134,133
2025-12-19,BOS,MIA,129,116,BOS,MIA,129,116
2025-12-19,NY,PHI,107,116,PHI,NY,116,107
2025-12-19,ATL,SA,98,126,SA,ATL,126,98
2025-12-19,CLE,CHI,125,136,CHI,CLE,136,125
2025-12-19,MIN,OKC,112,107,MIN,OKC,112,107
2025-12-20,DEN,HOU,101,115,HOU,DEN,115,101
2025-12-20,PHI,DAL,121,114,PHI,DAL,121,114
2025-12-20,TOR,BOS,96,112,BOS,TOR,112,96
2025-12-20,NO,IND,128,109,NO,IND,128,109
2025-12-20,DET,CHA,112,86,DET,CHA,112,86
2025-12-20,MEM,WSH,122,130,WSH,MEM,130,122
2025-12-20,GS,PHX,119,116,GS,PHX,119,116
2025-12-20,UTAH,ORL,127,128,ORL,UTAH,128,127
2025-12-20,SAC,POR,93,98,POR,SAC,98,93
2025-12-20,LAC,LAL,103,88,LAC,LAL,103,88
2025-12-21,ATL,CHI,150,152,CHI,ATL,152,150
2025-12-21,BKN,TOR,96,81,BKN,TOR,96,81
2025-12-21,NY,MIA,132,125,NY,MIA,132,125
2025-12-21,WSH,SA,113,124,SA,WSH,124,113
2025-12-21,MIN,MIL,103,100,MIN,MIL,103,100
2025-12-21,SAC,HOU,125,124,SAC,HOU,125,124
2025-12-22,CLE,CHA,139,132,CLE,CHA,139,132
2025-12-22,BOS,IND,103,95,BOS,IND,103,95
2025-12-22,NO,DAL,119,113,NO,DAL,119,113
2025-12-22,DEN,UTAH,135,112,DEN,UTAH,135,112
2025-12-22,OKC,MEM,119,103,OKC,MEM,119,103
2025-12-22,GS,ORL,120,97,GS,ORL,120,97
2025-12-22,POR,DET,102,110,DET,POR,110,102
2025-12-23,CHA,WSH,126,109,CHA,WSH,126,109
2025-12-23,PHI,BKN,106,114,BKN,PHI,114,106
2025-12-23,ATL,CHI,123,126,CHI,ATL,126,123
2025-12-23,CLE,NO,141,118,CLE,NO,141,118
2025-12-23,IND,MIL,94,111,MIL,IND,111,94
2025-12-23,MIA,TOR,91,112,TOR,MIA,112,91
2025-12-23,DAL,DEN,131,130,DAL,DEN,131,130
2025-12-23,MIN,NY,115,104,MIN,NY,115,104
2025-12-23,SA,OKC,130,110,SA,OKC,130,110
2025-12-23,PHX,LAL,132,108,PHX,LAL,132,108
2025-12-23,UTAH,MEM,128,137,MEM,UTAH,137,128
2025-12-23,POR,ORL,106,110,ORL,POR,110,106
2025-12-23,SAC,DET,127,136,DET,SAC,136,127
2025-12-23,LAC,HOU,128,108,LAC,HOU,128,108
2025-12-25,NY,CLE,126,124,NY,CLE,126,124
2025-12-25,OKC,SA,102,117,SA,OKC,117,102
2025-12-25,GS,DAL,126,116,GS,DAL,126,116
2025-12-25,LAL,HOU,96,119,HOU,LAL,119,96
2025-12-25,DEN,MIN,142,138,DEN,MIN,142,138
2025-12-26,ATL,MIA,111,126,MIA,ATL,126,111
2025-12-26,ORL,CHA,105,120,CHA,ORL,120,105
2025-12-26,WSH,TOR,138,117,WSH,TOR,138,117
2025-12-26,IND,BOS,122,140,BOS,IND,140,122
2025-12-26,CHI,PHI,109,102,CHI,PHI,109,102
2025-12-26,MEM,MIL,125,104,MEM,MIL,125,104
2025-12-26,NO,PHX,108,115,PHX,NO,115,108
2025-12-26,UTAH,DET,131,129,UTAH,DET,131,129
2025-12-26,POR,LAC,103,119,LAC,POR,119,103
2025-12-27,SAC,DAL,113,107,SAC,DAL,113,107
2025-12-27,ORL,DEN,127,126,ORL,DEN,127,126
2025-12-27,NO,PHX,114,123,PHX,NO,123,114
2025-12-27,ATL,NY,125,128,NY,ATL,128,125
2025-12-27,MIA,IND,142,116,MIA,IND,142,116
2025-12-27,CHI,MIL,103,112,MIL,CHI,112,103
2025-12-27,HOU,CLE,117,100,HOU,CLE,117,100
2025-12-27,MIN,BKN,107,123,BKN,MIN,123,107
2025-12-27,SA,UTAH,114,127,UTAH,SA,127,114
2025-12-28,TOR,GS,141,127,TOR,GS,141,127
2025-12-28,OKC,PHI,129,104,OKC,PHI,129,104
2025-12-28,WSH,MEM,116,112,WSH,MEM,116,112
2025-12-28,POR,BOS,114,108,POR,BOS,114,108
2025-12-28,LAC,DET,112,99,LAC,DET,112,99
2025-12-28,LAL,SAC,125,101,LAL,SAC,125,101
2025-12-29,CHA,MIL,113,123,MIL,CHA,123,113
2025-12-29,WSH,PHX,101,115,PHX,WSH,115,101
2025-12-29,BKN,GS,107,120,GS,BKN,120,107
2025-12-29,MIA,DEN,147,123,MIA,DEN,147,123
2025-12-29,TOR,ORL,107,106,TOR,ORL,107,106
2025-12-29,CHI,MIN,101,136,MIN,CHI,136,101
2025-12-29,HOU,IND,126,119,HOU,IND,126,119
2025-12-29,NO,NY,125,130,NY,NO,130,125
2025-12-29,OKC,ATL,140,129,OKC,ATL,140,129
2025-12-29,SA,CLE,101,113,CLE,SA,113,101
2025-12-29,POR,DAL,125,122,POR,DAL,125,122
2025-12-30,MEM,PHI,136,139,PHI,MEM,139,136
2025-12-30,UTAH,BOS,119,129,BOS,UTAH,129,119
2025-12-30,LAL,DET,106,128,DET,LAL,128,106
2025-12-30,LAC,SAC,131,90,LAC,SAC,131,90
2025-12-31,CHA,GS,125,132,GS,CHA,132,125
2025-12-31,ATL,MIN,126,102,ATL,MIN,126,102
2025-12-31,IND,ORL,110,112,ORL,IND,112,110
2025-12-31,CLE,PHX,129,113,CLE,PHX,129,113
2025-12-31,CHI,NO,134,118,CHI,NO,134,118
2025-12-31,SA,NY,134,132,SA,NY,134,132
2025-12-31,TOR,DEN,103,106,DEN,TOR,106,103
2025-12-31,MIL,WSH,113,114,WSH,MIL,114,113
2025-12-31,OKC,POR,124,95,OKC,POR,124,95
2026-01-01,BKN,HOU,96,120,HOU,BKN,120,96
2026-01-01,DET,MIA,112,118,MIA,DET,118,112
2026-01-01,DAL,PHI,108,123,PHI,DAL,123,108
2026-01-01,SAC,BOS,106,120,BOS,SAC,120,106
2026-01-01,LAC,UTAH,118,101,LAC,UTAH,118,101
2026-01-02,IND,SA,113,123,SA,IND,123,113
2026-01-02,WSH,BKN,119,99,WSH,BKN,119,99
2026-01-02,CLE,DEN,113,108,CLE,DEN,113,108
2026-01-02,NY,ATL,99,111,ATL,NY,111,99
2026-01-02,CHI,ORL,121,114,CHI,ORL,121,114
2026-01-02,MIL,CHA,122,121,MIL,CHA,122,121
2026-01-02,NO,POR,109,122,POR,NO,122,109
2026-01-02,PHX,SAC,129,102,PHX,SAC,129,102
2026-01-02,GS,OKC,94,131,OKC,GS,131,94
2026-01-02,LAL,MEM,128,121,LAL,MEM,128,121
2026-01-03,MIA,MIN,115,125,MIN,MIA,125,115
2026-01-03,NY,PHI,119,130,PHI,NY,130,119
2026-01-03,TOR,ATL,134,117,TOR,ATL,134,117
2026-01-03,CHI,CHA,99,112,CHA,CHI,112,99
2026-01-03,SA,POR,110,115,POR,SA,115,110
2026-01-03,DAL,HOU,110,104,DAL,HOU,110,104
2026-01-03,GS,UTAH,123,114,GS,UTAH,123,114
2026-01-03,LAC,BOS,115,146,BOS,LAC,146,115
2026-01-04,CLE,DET,110,114,DET,CLE,114,110
2026-01-04,ORL,IND,135,127,ORL,IND,135,127
2026-01-04,BKN,DEN,127,115,BKN,DEN,127,115
2026-01-04,MIA,NO,125,106,MIA,NO,125,106
2026-01-04,WSH,MIN,115,141,MIN,WSH,141,115
2026-01-04,PHX,OKC,108,105,PHX,OKC,108,105
2026-01-04,SAC,MIL,98,115,MIL,SAC,115,98
2026-01-04,LAL,MEM,120,114,LAL,MEM,120,114
2026-01-05,DET,NY,121,90,DET,NY,121,90
2026-01-05,BOS,CHI,115,101,BOS,CHI,115,101
2026-01-05,TOR,ATL,118,100,TOR,ATL,118,100
2026-01-05,HOU,PHX,100,97,HOU,PHX,100,97
2026-01-05,OKC,CHA,97,124,CHA,OKC,124,97
2026-01-05,PHI,DEN,124,125,DEN,PHI,125,124
2026-01-05,LAC,GS,103,102,LAC,GS,103,102
2026-01-05,POR,UTAH,137,117,POR,UTAH,137,117
2026-01-06,IND,CLE,116,120,CLE,IND,120,116
2026-01-06,WSH,ORL,120,112,WSH,ORL,120,112
2026-01-06,MEM,SA,106,105,MEM,SA,106,105
2026-01-06,MIN,MIA,122,94,MIN,MIA,122,94
2026-01-06,NO,LAL,103,111,LAL,NO,111,103
2026-01-06,SAC,DAL,98,100,DAL,SAC,100,98
2026-01-07,CHA,TOR,96,97,TOR,CHA,97,96
2026-01-07,DET,CHI,108,93,DET,CHI,108,93
2026-01-07,PHI,WSH,131,110,PHI,WSH,131,110
2026-01-07,BOS,DEN,110,114,DEN,BOS,114,110
2026-01-07,ATL,NO,117,100,ATL,NO,117,100
2026-01-07,BKN,ORL,103,104,ORL,BKN,104,103
2026-01-07,NY,LAC,123,111,NY,LAC,123,111
2026-01-07,MEM,PHX,98,117,PHX,MEM,117,98
2026-01-07,OKC,UTAH,129,125,OKC,UTAH,129,125
2026-01-07,SA,LAL,107,91,SA,LAL,107,91
2026-01-07,GS,MIL,120,113,GS,MIL,120,113
2026-01-07,POR,HOU,103,102,POR,HOU,103,102
2026-01-08,CHA,IND,112,114,IND,CHA,114,112
2026-01-08,MIN,CLE,131,122,MIN,CLE,131,122
2026-01-08,UTAH,DAL,116,114,UTAH,DAL,116,114
2026-01-09,BOS,TOR,125,117,BOS,TOR,125,117
2026-01-09,ORL,PHI,91,103,PHI,ORL,103,91
2026-01-09,WSH,NO,107,128,NO,WSH,128,107
2026-01-09,BKN,LAC,105,121,LAC,BKN,121,105
2026-01-09,MEM,OKC,116,117,OKC,MEM,117,116
2026-01-09,DEN,ATL,87,110,ATL,DEN,110,87
2026-01-09,PHX,NY,112,107,PHX,NY,112,107
2026-01-09,GS,SAC,137,103,GS,SAC,137,103
2026-01-09,POR,HOU,111,105,POR,HOU,111,105
2026-01-09,LAL,MIL,101,105,MIL,LAL,105,101
2026-01-10,CLE,MIN,146,134,CLE,MIN,146,134
2026-01-10,IND,MIA,123,99,IND,MIA,123,99
2026-01-10,DET,LAC,92,98,LAC,DET,98,92
2026-01-10,BOS,SA,95,100,SA,BOS,100,95
2026-01-10,CHI,DAL,125,107,CHI,DAL,125,107
2026-01-10,UTAH,CHA,95,150,CHA,UTAH,150,95
2026-01-11,ORL,NO,128,118,ORL,NO,128,118
2026-01-11,MEM,BKN,103,98,MEM,BKN,103,98
2026-01-11,TOR,PHI,116,115,TOR,PHI,116,115
2026-01-11,POR,NY,114,123,NY,POR,123,114
2026-01-11,MIN,SA,104,103,MIN,SA,104,103
2026-01-11,OKC,MIA,124,112,OKC,MIA,124,112
2026-01-11,DEN,MIL,108,104,DEN,MIL,108,104
2026-01-11,PHX,WSH,112,93,PHX,WSH,112,93
2026-01-11,GS,ATL,111,124,ATL,GS,124,111
2026-01-11,SAC,HOU,111,98,SAC,HOU,111,98
2026-01-12,CLE,UTAH,112,123,UTAH,CLE,123,112
2026-01-12,IND,BOS,98,96,IND,BOS,98,96
2026-01-12,TOR,PHI,102,115,PHI,TOR,115,102
2026-01-12,DAL,BKN,113,105,DAL,BKN,113,105
2026-01-12,SAC,LAL,124,112,SAC,LAL,124,112
2026-01-12,LAC,CHA,117,109,LAC,CHA,117,109
2026-01-13,MIA,PHX,127,121,MIA,PHX,127,121
2026-01-13,HOU,CHI,119,113,HOU,CHI,119,113
2026-01-13,MIL,MIN,106,139,MIN,MIL,139,106
2026-01-13,NO,DEN,116,122,DEN,NO,122,116
2026-01-13,OKC,SA,119,98,OKC,SA,119,98
2026-01-13,LAL,ATL,141,116,LAL,ATL,141,116
2026-01-13,GS,POR,119,97,GS,POR,119,97
2026-01-14,IND,TOR,101,115,TOR,IND,115,101
2026-01-14,PHI,CLE,107,133,CLE,PHI,133,107
2026-01-14,CHI,UTAH,128,126,CHI,UTAH,128,126
2026-01-14,NO,BKN,116,113,NO,BKN,116,113
2026-01-14,DAL,DEN,109,118,DEN,DAL,118,109
2026-01-14,SAC,NY,112,101,SAC,NY,112,101
2026-01-14,LAC,WSH,119,105,LAC,WSH,119,105
2026-01-15,ORL,MEM,118,111,ORL,MEM,118,111
2026-01-15,DET,PHX,108,105,DET,PHX,108,105
2026-01-15,MIA,BOS,114,119,BOS,MIA,119,114
2026-01-15,HOU,OKC,91,111,OKC,HOU,111,91
2026-01-15,SA,MIL,119,101,SA,MIL,119,101
2026-01-15,DAL,UTAH,144,122,DAL,UTAH,144,122
2026-01-15,GS,NY,126,113,GS,NY,126,113
2026-01-15,POR,ATL,117,101,POR,ATL,117,101
2026-01-15,LAL,CHA,117,135,CHA,LAL,135,117
2026-01-16,IND,NO,127,119,IND,NO,127,119
2026-01-16,PHI,CLE,115,117,CLE,PHI,117,115
2026-01-16,BKN,CHI,112,109,BKN,CHI,112,109
2026-01-16,TOR,LAC,117,121,LAC,TOR,121,117
2026-01-16,HOU,MIN,110,105,HOU,MIN,110,105
2026-01-16,SAC,WSH,128,115,SAC,WSH,128,115
2026-01-17,DAL,UTAH,138,120,DAL,UTAH,138,120
2026-01-17,ATL,BOS,106,132,BOS,ATL,132,106
2026-01-17,DET,IND,121,78,DET,IND,121,78
2026-01-17,NY,PHX,99,106,PHX,NY,106,99
2026-01-17,MIA,OKC,122,120,MIA,OKC,122,120
2026-01-17,SA,MIN,126,123,SA,MIN,126,123
2026-01-17,GS,CHA,136,116,GS,CHA,136,116
2026-01-17,DEN,WSH,121,115,DEN,WSH,121,115
2026-01-17,POR,LAL,132,116,POR,LAL,132,116
2026-01-18,MEM,ORL,126,109,MEM,ORL,126,109
2026-01-18,CHI,BKN,124,102,CHI,BKN,124,102
2026-01-18,HOU,NO,119,110,HOU,NO,119,110
2026-01-18,DEN,CHA,87,110,CHA,DEN,110,87
2026-01-18,SAC,POR,110,117,POR,SAC,117,110
2026-01-18,LAL,TOR,110,93,LAL,TOR,110,93
2026-01-19,ATL,MIL,110,112,MIL,ATL,112,110
2026-01-19,CLE,OKC,104,136,OKC,CLE,136,104
2026-01-19,WSH,LAC,106,110,LAC,WSH,110,106
2026-01-19,NY,DAL,97,114,DAL,NY,114,97
2026-01-19,SA,UTAH,123,110,SA,UTAH,123,110
2026-01-19,PHI,IND,113,104,PHI,IND,113,104
2026-01-19,BKN,PHX,117,126,PHX,BKN,126,117
2026-01-19,DET,BOS,104,103,DET,BOS,104,103
2026-01-19,GS,MIA,135,112,GS,MIA,135,112
2026-01-20,PHI,PHX,110,116,PHX,PHI,116,110
2026-01-20,CHI,LAC,138,110,CHI,LAC,138,110
2026-01-20,HOU,SA,111,106,HOU,SA,111,106
2026-01-20,UTAH,MIN,127,122,UTAH,MIN,127,122
2026-01-20,DEN,LAL,107,115,LAL,DEN,115,107
2026-01-20,GS,TOR,127,145,TOR,GS,145,127
2026-01-20,SAC,MIA,117,130,MIA,SAC,130,117
2026-01-21,CHA,CLE,87,94,CLE,CHA,94,87
2026-01-21,BOS,IND,119,104,BOS,IND,119,104
2026-01-21,NY,BKN,120,66,NY,BKN,120,66
2026-01-21,MEM,ATL,122,124,ATL,MEM,124,122
2026-01-21,NO,DET,104,112,DET,NO,112,104
2026-01-21,MIL,OKC,102,122,OKC,MIL,122,102
2026-01-21,SAC,TOR,109,122,TOR,SAC,122,109
2026-01-22,ORL,CHA,97,124,CHA,ORL,124,97
2026-01-22,PHI,HOU,128,122,PHI,HOU,128,122
2026-01-22,WSH,DEN,97,107,DEN,WSH,107,97
2026-01-22,DAL,GS,123,115,DAL,GS,123,115
2026-01-22,MIN,CHI,115,120,CHI,MIN,120,115
2026-01-22,UTAH,SA,109,126,SA,UTAH,126,109
2026-01-22,LAC,LAL,112,104,LAC,LAL,112,104
2026-01-22,POR,MIA,127,110,POR,MIA,127,110
2026-01-23,DET,HOU,104,111,HOU,DET,111,104
2026-01-23,ATL,PHX,110,103,ATL,PHX,110,103
2026-01-23,BKN,BOS,126,130,BOS,BKN,130,126
2026-01-23,CLE,SAC,123,118,CLE,SAC,123,118
2026-01-23,MEM,NO,127,133,NO,MEM,133,127
2026-01-23,OKC,IND,114,117,IND,OKC,117,114
2026-01-23,MIL,DEN,100,102,DEN,MIL,102,100
2026-01-23,POR,TOR,98,110,TOR,POR,110,98
2026-01-24,CHA,WSH,119,115,CHA,WSH,119,115
2026-01-24,PHI,NY,109,112,NY,PHI,112,109
2026-01-24,ORL,CLE,105,119,CLE,ORL,119,105
2026-01-24,CHI,BOS,114,111,CHI,BOS,114,111
2026-01-24,DAL,LAL,110,116,LAL,DAL,116,110
2026-01-24,UTAH,MIA,116,147,MIA,UTAH,147,116
2026-01-25,DET,SAC,139,116,DET,SAC,139,116
2026-01-25,MIN,GS,85,111,GS,MIN,111,85
2026-01-25,OKC,TOR,101,103,TOR,OKC,103,101
2026-01-25,SA,NO,95,104,NO,SA,104,95
2026-01-25,PHX,MIA,102,111,MIA,PHX,111,102
2026-01-25,LAC,BKN,126,89,LAC,BKN,126,89
2026-01-26,ATL,IND,132,116,ATL,IND,132,116
2026-01-26,CHA,PHI,130,93,CHA,PHI,130,93
2026-01-26,CLE,ORL,114,98,CLE,ORL,114,98
2026-01-26,BOS,POR,102,94,BOS,POR,102,94
2026-01-26,CHI,LAL,118,129,LAL,CHI,129,118
2026-01-26,HOU,MEM,108,99,HOU,MEM,108,99
2026-01-26,MIN,GS,108,83,MIN,GS,108,83
2026-01-27,WSH,POR,115,111,WSH,POR,115,111
2026-01-27,NY,SAC,103,87,NY,SAC,103,87
2026-01-27,PHI,MIL,139,122,PHI,MIL,139,122
2026-01-27,OKC,NO,104,95,OKC,NO,104,95
2026-01-27,DEN,DET,107,109,DET,DEN,109,107
2026-01-27,PHX,BKN,106,102,PHX,BKN,106,102
2026-01-27,UTAH,LAC,103,115,LAC,UTAH,115,103
2026-01-28,CLE,LAL,129,99,CLE,LAL,129,99
2026-01-28,IND,CHI,113,110,IND,CHI,113,110
2026-01-28,BOS,ATL,106,117,ATL,BOS,117,106
2026-01-28,MIA,ORL,124,133,ORL,MIA,133,124
2026-01-28,TOR,NY,92,119,NY,TOR,119,92
2026-01-28,MEM,CHA,97,112,CHA,MEM,112,97
2026-01-28,DAL,MIN,105,118,MIN,DAL,118,105
2026-01-28,UTAH,GS,124,140,GS,UTAH,140,124
2026-01-28,HOU,SA,99,111,SA,HOU,111,99
2026-01-29,PHI,SAC,113,111,PHI,SAC,113,111
2026-01-29,WSH,MIL,109,99,WSH,MIL,109,99
2026-01-29,ATL,HOU,86,104,HOU,ATL,104,86
2026-01-29,CHI,MIA,113,116,MIA,CHI,116,113
2026-01-29,DAL,CHA,121,123,CHA,DAL,123,121
2026-01-29,DEN,BKN,107,103,DEN,BKN,107,103
2026-01-29,PHX,DET,114,96,PHX,DET,114,96
2026-01-29,MIN,OKC,123,111,MIN,OKC,123,111
2026-01-30,WSH,LAL,111,142,LAL,WSH,142,111
2026-01-30,ORL,TOR,130,120,ORL,TOR,130,120
2026-01-30,BOS,SAC,112,93,BOS,SAC,112,93
2026-01-30,NY,POR,127,97,NY,POR,127,97
2026-01-30,NO,MEM,114,106,NO,MEM,114,106
2026-01-30,PHX,CLE,126,113,PHX,CLE,126,113
2026-01-30,DEN,LAC,122,109,DEN,LAC,122,109
2026-01-30,UTAH,BKN,99,109,BKN,UTAH,109,99
2026-01-30,GS,DET,124,131,DET,GS,131,124
2026-01-31,CHA,SA,111,106,CHA,SA,111,106
2026-01-31,IND,ATL,129,124,IND,ATL,129,124
2026-01-31,PHI,NO,124,114,PHI,NO,124,114
2026-01-31,MIA,CHI,118,125,CHI,MIA,125,118
2026-01-31,MEM,MIN,114,131,MIN,MEM,131,114
2026-01-31,HOU,DAL,111,107,HOU,DAL,111,107
2026-02-01,BOS,MIL,107,79,BOS,MIL,107,79
2026-02-01,DET,BKN,130,77,DET,BKN,130,77
2026-02-01,MIA,CHI,134,91,MIA,CHI,134,91
2026-02-01,TOR,UTAH,107,100,TOR,UTAH,107,100
2026-02-01,WSH,SAC,116,112,WSH,SAC,116,112
2026-02-01,NY,LAL,112,100,NY,LAL,112,100
2026-02-01,PHX,LAC,93,117,LAC,PHX,117,93
2026-02-01,SA,ORL,112,103,SA,ORL,112,103
2026-02-01,POR,CLE,111,130,CLE,POR,130,111
2026-02-01,DEN,OKC,111,121,OKC,DEN,121,111
2026-02-02,CHA,NO,102,95,CHA,NO,102,95
2026-02-02,IND,HOU,114,118,HOU,IND,118,114
2026-02-02,MEM,MIN,137,128,MEM,MIN,137,128
2026-02-02,LAC,PHI,113,128,PHI,LAC,128,113
2026-02-03,DET,DEN,124,121,DET,DEN,124,121
2026-02-03,IND,UTAH,122,131,UTAH,IND,131,122
2026-02-03,WSH,NY,101,132,NY,WSH,132,101
2026-02-03,BKN,LAL,109,125,LAL,BKN,125,109
2026-02-03,MIA,ATL,115,127,ATL,MIA,127,115
2026-02-03,DAL,BOS,100,110,BOS,DAL,110,100
2026-02-03,MIL,CHI,131,115,MIL,CHI,131,115
2026-02-03,OKC,ORL,128,92,OKC,ORL,128,92
2026-02-03,GS,PHI,94,113,PHI,GS,113,94
2026-02-03,POR,PHX,125,130,PHX,POR,130,125
2026-02-04,NY,DEN,134,127,NY,DEN,134,127
2026-02-04,TOR,MIN,126,128,MIN,TOR,128,126
2026-02-04,HOU,BOS,93,114,BOS,HOU,114,93
2026-02-04,MIL,NO,141,137,MIL,NO,141,137
2026-02-04,SA,OKC,116,106,SA,OKC,116,106
2026-02-04,SAC,MEM,125,129,MEM,SAC,129,125
2026-02-04,LAC,CLE,91,124,CLE,LAC,124,91
2026-02-05,DET,WSH,117,126,WSH,DET,126,117
2026-02-05,ORL,BKN,118,98,ORL,BKN,118,98
2026-02-05,ATL,UTAH,121,119,ATL,UTAH,121,119
2026-02-05,TOR,CHI,123,107,TOR,CHI,123,107
2026-02-05,HOU,CHA,99,109,CHA,HOU,109,99
2026-02-05,DAL,SA,123,135,SA,DAL,135,123
2026-02-05,PHX,GS,97,101,GS,PHX,101,97
2026-02-05,LAL,PHI,119,115,LAL,PHI,119,115
2026-02-06,BOS,MIA,98,96,BOS,MIA,98,96
2026-02-06,DET,NY,118,80,DET,NY,118,80
2026-02-06,MIL,IND,105,99,MIL,IND,105,99
2026-02-06,MIN,NO,115,119,NO,MIN,119,115
2026-02-06,POR,MEM,135,115,POR,MEM,135,115
2026-02-06,SAC,LAC,111,114,LAC,SAC,114,111
2026-02-07,BKN,WSH,127,113,BKN,WSH,127,113
2026-02-07,OKC,HOU,106,112,HOU,OKC,112,106
2026-02-07,SA,DAL,138,125,SA,DAL,138,125
2026-02-07,ORL,UTAH,120,117,ORL,UTAH,120,117
2026-02-07,ATL,CHA,119,126,CHA,ATL,126,119
2026-02-07,CHI,DEN,120,136,DEN,CHI,136,120
2026-02-07,LAL,GS,105,99,LAL,GS,105,99
2026-02-07,PHX,PHI,103,109,PHI,PHX,109,103
2026-02-07,POR,MEM,122,115,POR,MEM,122,115
2026-02-07,SAC,CLE,126,132,CLE,SAC,132,126
2026-02-08,BOS,NY,89,111,NY,BOS,111,89
2026-02-08,WSH,MIA,101,132,MIA,WSH,132,101
2026-02-08,TOR,IND,122,104,TOR,IND,122,104
2026-02-08,MIN,LAC,96,115,LAC,MIN,115,96
2026-02-09,CHA,DET,104,110,DET,CHA,110,104
2026-02-09,BKN,CHI,123,115,BKN,CHI,123,115
2026-02-09,MIA,UTAH,111,115,UTAH,MIA,115,111
2026-02-09,ORL,MIL,118,99,ORL,MIL,118,99
2026-02-09,MIN,ATL,138,116,MIN,ATL,138,116
2026-02-09,NO,SAC,120,94,NO,SAC,120,94
2026-02-09,DEN,CLE,117,119,CLE,DEN,119,117
2026-02-09,GS,MEM,114,113,GS,MEM,114,113
2026-02-09,LAL,OKC,110,119,OKC,LAL,119,110
2026-02-09,POR,PHI,135,118,POR,PHI,135,118
2026-02-10,NY,IND,134,137,IND,NY,137,134
2026-02-10,HOU,LAC,102,95,HOU,LAC,102,95
2026-02-10,PHX,DAL,120,111,PHX,DAL,120,111
2026-02-10,LAL,SA,108,136,SA,LAL,136,108
2026-02-11,CHA,ATL,110,107,CHA,ATL,110,107
2026-02-11,CLE,WSH,138,113,CLE,WSH,138,113
2026-02-11,ORL,MIL,108,116,MIL,ORL,116,108
2026-02-11,BOS,CHI,124,105,BOS,CHI,124,105
2026-02-11,BKN,IND,110,115,IND,BKN,115,110
2026-02-11,PHI,NY,89,138,NY,PHI,138,89
2026-02-11,TOR,DET,95,113,DET,TOR,113,95
2026-02-11,HOU,LAC,102,105,LAC,HOU,105,102
2026-02-11,MIN,POR,133,109,MIN,POR,133,109
2026-02-11,NO,MIA,111,123,MIA,NO,123,111
2026-02-11,PHX,OKC,109,136,OKC,PHX,136,109
2026-02-11,UTAH,SAC,121,93,UTAH,SAC,121,93
2026-02-11,DEN,MEM,122,116,DEN,MEM,122,116
2026-02-11,GS,SA,113,126,SA,GS,126,113
2026-02-12,OKC,MIL,93,110,MIL,OKC,110,93
2026-02-12,UTAH,POR,119,135,POR,UTAH,135,119
2026-02-12,LAL,DAL,124,104,LAL,DAL,124,104
2026-02-15,STARS,WORLD,37,35,STARS,WORLD,37,35
2026-02-15,STRIPES,STARS,42,40,STRIPES,STARS,42,40
2026-02-15,STRIPES,WORLD,48,45,STRIPES,WORLD,48,45
2026-02-15,STRIPES,STARS,21,47,STARS,STRIPES,47,21
2026-02-19,CHA,HOU,101,105,HOU,CHA,105,101
2026-02-19,CLE,BKN,112,84,CLE,BKN,112,84
2026-02-19,PHI,ATL,107,117,ATL,PHI,117,107
2026-02-19,WSH,IND,112,105,WSH,IND,112,105
2026-02-19,NY,DET,111,126,DET,NY,126,111
2026-02-19,CHI,TOR,101,110,TOR,CHI,110,101
2026-02-19,SA,PHX,121,94,SA,PHX,121,94
2026-02-19,GS,BOS,110,121,BOS,GS,121,110
2026-02-19,SAC,ORL,94,131,ORL,SAC,131,94
2026-02-19,LAC,DEN,115,114,LAC,DEN,115,114
2026-02-20,CHA,CLE,113,118,CLE,CHA,118,113
2026-02-20,WSH,IND,131,118,WSH,IND,131,118
2026-02-20,MEM,UTAH,123,114,MEM,UTAH,123,114
2026-02-20,ATL,MIA,97,128,MIA,ATL,128,97
2026-02-20,MIN,DAL,122,111,MIN,DAL,122,111
2026-02-20,NO,MIL,118,139,MIL,NO,139,118
2026-02-20,OKC,BKN,105,86,OKC,BKN,105,86
2026-02-20,POR,DEN,103,157,DEN,POR,157,103
2026-02-20,LAL,LAC,125,122,LAL,LAC,125,122
2026-02-21,PHX,ORL,113,110,PHX,ORL,113,110
2026-02-21,NO,PHI,126,111,NO,PHI,126,111
2026-02-21,MIA,MEM,136,120,MIA,MEM,136,120
2026-02-21,CHI,DET,110,126,DET,CHI,126,110
2026-02-21,SA,SAC,139,122,SA,SAC,139,122
2026-02-21,NY,HOU,108,106,NY,HOU,108,106
2026-02-22,OKC,CLE,121,113,OKC,CLE,121,113
2026-02-22,ATL,BKN,115,104,ATL,BKN,115,104
2026-02-22,MIL,TOR,94,122,TOR,MIL,122,94
2026-02-22,GS,DEN,128,117,GS,DEN,128,117
2026-02-22,IND,DAL,130,134,DAL,IND,134,130
2026-02-22,WSH,CHA,112,129,CHA,WSH,129,112
2026-02-22,LAL,BOS,89,111,BOS,LAL,111,89
2026-02-22,MIN,PHI,108,135,PHI,MIN,135,108
2026-02-22,CHI,NY,99,105,NY,CHI,105,99
2026-02-22,PHX,POR,77,92,POR,PHX,92,77
2026-02-22,LAC,ORL,109,111,ORL,LAC,111,109
2026-02-23,DET,SA,103,114,SA,DET,114,103
2026-02-23,MEM,SAC,114,123,SAC,MEM,123,114
2026-02-23,HOU,UTAH,125,105,HOU,UTAH,125,105
2026-02-24,IND,PHI,114,135,PHI,IND,135,114
2026-02-24,ATL,WSH,119,98,ATL,WSH,119,98
2026-02-24,BKN,DAL,114,123,DAL,BKN,123,114
2026-02-24,TOR,OKC,107,116,OKC,TOR,116,107
2026-02-24,CLE,NY,109,94,CLE,NY,109,94
2026-02-24,CHI,CHA,99,131,CHA,CHI,131,99
2026-02-24,MIL,MIA,128,117,MIL,MIA,128,117
2026-02-24,NO,GS,113,109,NO,GS,113,109
2026-02-24,PHX,BOS,81,97,BOS,PHX,97,81
2026-02-24,POR,MIN,121,124,MIN,POR,124,121
2026-02-24,LAL,ORL,109,110,ORL,LAL,110,109
2026-02-25,DET,OKC,124,116,DET,OKC,124,116
2026-02-25,TOR,SA,107,110,SA,TOR,110,107
2026-02-25,MEM,GS,112,133,GS,MEM,133,112
2026-02-25,HOU,SAC,128,97,HOU,SAC,128,97
2026-02-25,MIL,CLE,118,116,MIL,CLE,118,116
2026-02-25,DEN,BOS,103,84,DEN,BOS,103,84
2026-02-26,IND,CHA,109,133,CHA,IND,133,109
2026-02-26,PHI,MIA,124,117,PHI,MIA,124,117
2026-02-26,ATL,WSH,126,96,ATL,WSH,126,96
2026-02-26,BKN,SA,110,126,SA,BKN,126,110
2026-02-26,ORL,HOU,108,113,HOU,ORL,113,108
2026-02-26,CHI,POR,112,121,POR,CHI,121,112
2026-02-26,DAL,SAC,121,130,SAC,DAL,130,121
2026-02-26,PHX,LAL,113,110,PHX,LAL,113,110
2026-02-26,UTAH,NO,118,129,NO,UTAH,129,118
2026-02-26,LAC,MIN,88,94,MIN,LAC,94,88
2026-02-27,DET,CLE,122,119,DET,CLE,122,119
2026-02-27,BOS,BKN,148,111,BOS,BKN,148,111
2026-02-27,MIL,NY,98,127,NY,MIL,127,98
2026-02-27,DAL,MEM,105,124,MEM,DAL,124,105
2026-02-27,OKC,DEN,127,121,OKC,DEN,127,121
2026-02-28,CHA,POR,109,93,CHA,POR,109,93
2026-02-28,MIA,HOU,115,105,MIA,HOU,115,105
2026-02-28,WSH,TOR,125,134,TOR,WSH,134,125
2026-02-28,GS,LAL,101,129,LAL,GS,129,101
2026-02-28,UTAH,NO,105,115,NO,UTAH,115,105
2026-03-01,NY,SA,114,89,NY,SA,114,89
2026-03-01,BKN,CLE,102,106,CLE,BKN,106,102
2026-03-01,CHI,MIL,120,97,CHI,MIL,120,97
2026-03-01,DEN,MIN,108,117,MIN,DEN,117,108
2026-03-01,IND,MEM,106,125,MEM,IND,125,106
2026-03-01,ATL,POR,135,101,ATL,POR,135,101
2026-03-01,ORL,DET,92,106,DET,ORL,106,92
2026-03-01,BOS,PHI,114,98,BOS,PHI,114,98
2026-03-01,DAL,OKC,87,100,OKC,DAL,100,87
2026-03-01,LAC,NO,137,117,LAC,NO,137,117
2026-03-01,LAL,SAC,128,104,LAL,SAC,128,104
2026-03-02,WSH,HOU,118,123,HOU,WSH,123,118
2026-03-02,MIL,BOS,81,108,BOS,MIL,108,81
2026-03-02,UTAH,DEN,125,128,DEN,UTAH,128,125
2026-03-02,GS,LAC,101,114,LAC,GS,114,101
2026-03-03,CHA,DAL,117,90,CHA,DAL,117,90
2026-03-03,CLE,DET,113,109,CLE,DET,113,109
2026-03-03,ORL,WSH,126,109,ORL,WSH,126,109
2026-03-03,MIA,BKN,124,98,MIA,BKN,124,98
2026-03-03,TOR,NY,95,111,NY,TOR,111,95
2026-03-03,PHI,SA,91,131,SA,PHI,131,91
2026-03-03,CHI,OKC,108,116,OKC,CHI,116,108
2026-03-03,MIN,MEM,117,110,MIN,MEM,117,110
2026-03-03,LAL,NO,110,101,LAL,NO,110,101
2026-03-03,SAC,PHX,103,114,PHX,SAC,114,103
2026-03-04,NY,OKC,100,103,OKC,NY,103,100
2026-03-04,BOS,CHA,89,118,CHA,BOS,118,89
2026-03-04,PHI,UTAH,106,102,PHI,UTAH,106,102
2026-03-04,MEM,POR,114,122,POR,MEM,122,114
2026-03-04,MIL,ATL,113,131,ATL,MIL,131,113
2026-03-04,LAC,IND,130,107,LAC,IND,130,107
2026-03-05,ORL,DAL,115,114,ORL,DAL,115,114
2026-03-05,WSH,UTAH,112,122,UTAH,WSH,122,112
2026-03-05,MIA,BKN,126,110,MIA,BKN,126,110
2026-03-05,HOU,GS,113,115,GS,HOU,115,113
2026-03-05,MIN,TOR,115,107,MIN,TOR,115,107
2026-03-05,SA,DET,121,106,SA,DET,121,106
2026-03-05,PHX,CHI,103,105,CHI,PHX,105,103
2026-03-05,DEN,LAL,120,113,DEN,LAL,120,113
2026-03-05,SAC,NO,123,133,NO,SAC,133,123
2026-03-06,BOS,DAL,120,100,BOS,DAL,120,100
2026-03-06,CHA,MIA,120,128,MIA,CHA,128,120
2026-03-06,HOU,POR,106,99,HOU,POR,106,99
2026-03-06,DEN,NY,103,142,NY,DEN,142,103
2026-03-06,PHX,NO,118,116,PHX,NO,118,116
2026-03-06,SA,LAC,116,112,SA,LAC,116,112
2026-03-06,LAL,IND,128,117,LAL,IND,128,117
2026-03-07,MIN,ORL,92,119,ORL,MIN,119,92
2026-03-07,DET,BKN,105,107,BKN,DET,107,105
2026-03-07,ATL,PHI,125,116,ATL,PHI,125,116
2026-03-07,MEM,LAC,120,123,LAC,MEM,123,120
2026-03-07,MIL,UTAH,113,99,MIL,UTAH,113,99
2026-03-07,OKC,GS,104,97,OKC,GS,104,97
2026-03-08,CLE,BOS,98,109,BOS,CLE,109,98
2026-03-08,LAL,NY,110,97,LAL,NY,110,97
2026-03-08,MIA,DET,121,110,MIA,DET,121,110
2026-03-08,TOR,DAL,122,92,TOR,DAL,122,92
2026-03-08,NO,WSH,138,118,NO,WSH,138,118
2026-03-08,MIL,ORL,91,130,ORL,MIL,130,91
2026-03-08,SA,HOU,145,120,SA,HOU,145,120
2026-03-08,POR,IND,131,111,POR,IND,131,111
2026-03-08,SAC,CHI,126,110,SAC,CHI,126,110
2026-03-08,PHX,CHA,111,99,PHX,CHA,111,99
2026-03-09,CLE,PHI,115,101,CLE,PHI,115,101
2026-03-09,BKN,MEM,126,115,BKN,MEM,126,115
2026-03-09,OKC,DEN,129,126,OKC,DEN,129,126
2026-03-09,UTAH,GS,119,116,UTAH,GS,119,116
2026-03-09,LAC,NY,126,118,LAC,NY,126,118
2026-03-10,PHI,MEM,139,129,PHI,MEM,139,129
2026-03-10,BKN,DET,100,138,DET,BKN,138,100
2026-03-10,MIA,WSH,150,129,MIA,WSH,150,129
2026-03-10,ATL,DAL,124,112,ATL,DAL,124,112
2026-03-10,HOU,TOR,113,99,HOU,TOR,113,99
2026-03-10,MIL,PHX,114,129,PHX,MIL,129,114
2026-03-10,SA,BOS,125,116,SA,BOS,125,116
2026-03-10,GS,CHI,124,130,CHI,GS,130,124
2026-03-10,POR,CHA,101,103,CHA,POR,103,101
2026-03-10,SAC,IND,114,109,SAC,IND,114,109
2026-03-10,LAL,MIN,120,106,LAL,MIN,120,106
2026-03-11,ORL,CLE,128,122,ORL,CLE,128,122
2026-03-11,NO,TOR,122,111,NO,TOR,122,111
2026-03-11,UTAH,NY,117,134,NY,UTAH,134,117
2026-03-11,DEN,HOU,129,93,DEN,HOU,129,93
2026-03-11,SAC,CHA,109,117,CHA,SAC,117,109
2026-03-11,LAC,MIN,153,128,LAC,MIN,153,128
2026-03-12,DET,PHI,131,109,DET,PHI,131,109
2026-03-12,IND,PHX,108,123,PHX,IND,123,108
2026-03-12,ORL,WSH,136,131,ORL,WSH,136,131
2026-03-12,ATL,BKN,108,97,ATL,BKN,108,97
2026-03-12,MIA,MIL,112,105,MIA,MIL,112,105
2026-03-12,MEM,DAL,112,120,DAL,MEM,120,112
2026-03-12,SA,DEN,131,136,DEN,SA,136,131
2026-03-12,OKC,BOS,104,102,OKC,BOS,104,102
2026-03-12,LAL,CHI,142,130,LAL,CHI,142,130
2026-03-13,DET,MEM,126,110,DET,MEM,126,110
2026-03-13,IND,NY,92,101,NY,IND,101,92
2026-03-13,TOR,PHX,122,115,TOR,PHX,122,115
2026-03-13,DAL,CLE,105,138,CLE,DAL,138,105
2026-03-13,HOU,NO,107,105,HOU,NO,107,105
2026-03-13,GS,MIN,117,127,MIN,GS,127,117
2026-03-13,POR,UTAH,124,114,POR,UTAH,124,114
2026-03-13,LAC,CHI,119,108,LAC,CHI,119,108
2026-03-14,PHI,BKN,104,97,PHI,BKN,104,97
2026-03-14,ATL,MIL,122,99,ATL,MIL,122,99
2026-03-14,SA,CHA,115,102,SA,CHA,115,102
2026-03-14,BOS,WSH,111,100,BOS,WSH,111,100
2026-03-14,MIA,ORL,117,121,ORL,MIA,121,117
2026-03-14,LAL,DEN,127,125,LAL,DEN,127,125
2026-03-14,LAC,SAC,109,118,SAC,LAC,118,109
2026-03-15,OKC,MIN,116,103,OKC,MIN,116,103
2026-03-15,CLE,DAL,120,130,DAL,CLE,130,120
2026-03-15,TOR,DET,119,108,TOR,DET,119,108
2026-03-15,MIL,IND,134,123,MIL,IND,134,123
2026-03-15,PHI,POR,109,103,PHI,POR,109,103
2026-03-15,NY,GS,110,107,NY,GS,110,107
2026-03-15,SAC,UTAH,116,111,SAC,UTAH,116,111
2026-03-16,ATL,ORL,124,112,ATL,ORL,124,112
2026-03-16,WSH,GS,117,125,GS,WSH,125,117
2026-03-16,BKN,POR,95,114,POR,BKN,114,95
2026-03-16,BOS,PHX,120,112,BOS,PHX,120,112
2026-03-16,CHI,MEM,132,107,CHI,MEM,132,107
2026-03-16,NO,DAL,129,111,NO,DAL,129,111
2026-03-16,HOU,LAL,92,100,LAL,HOU,100,92
2026-03-16,LAC,SA,115,119,SA,LAC,119,115
2026-03-17,CHA,MIA,136,106,CHA,MIA,136,106
2026-03-17,ORL,OKC,108,113,OKC,ORL,113,108
2026-03-17,WSH,DET,117,130,DET,WSH,130,117
2026-03-17,NY,IND,136,110,NY,IND,136,110
2026-03-17,MIL,CLE,116,123,CLE,MIL,123,116
2026-03-17,MIN,PHX,116,104,MIN,PHX,116,104
2026-03-17,DEN,PHI,124,96,DEN,PHI,124,96
2026-03-17,SAC,SA,104,132,SA,SAC,132,104
2026-03-18,BOS,GS,120,99,BOS,GS,120,99
2026-03-18,BKN,OKC,92,121,OKC,BKN,121,92
2026-03-18,IND,POR,119,127,POR,IND,127,119
2026-03-18,CHI,TOR,109,139,TOR,CHI,139,109
2026-03-18,MIN,UTAH,147,111,MIN,UTAH,147,111
2026-03-18,NO,LAC,124,109,NO,LAC,124,109
2026-03-18,DAL,ATL,120,135,ATL,DAL,135,120
2026-03-18,MEM,DEN,125,118,MEM,DEN,125,118
2026-03-18,HOU,LAL,116,124,LAL,HOU,124,116
2026-03-19,CHA,ORL,130,111,CHA,ORL,130,111
2026-03-19,WSH,DET,95,117,DET,WSH,117,95
2026-03-19,MIA,LAL,126,134,LAL,MIA,134,126
2026-03-19,CHI,CLE,110,115,CLE,CHI,115,110
2026-03-19,NO,LAC,105,99,NO,LAC,105,99
2026-03-19,SA,PHX,101,100,SA,PHX,101,100
2026-03-19,UTAH,MIL,128,96,UTAH,MIL,128,96
2026-03-19,SAC,PHI,118,139,PHI,SAC,139,118
2026-03-20,BKN,NY,92,93,NY,BKN,93,92
2026-03-20,DET,GS,115,101,DET,GS,115,101
2026-03-20,HOU,ATL,117,95,HOU,ATL,117,95
2026-03-20,MEM,BOS,112,117,BOS,MEM,117,112
2026-03-20,MIN,POR,104,108,POR,MIN,108,104
2026-03-20,DEN,TOR,121,115,DEN,TOR,121,115
2026-03-21,WSH,OKC,111,132,OKC,WSH,132,111
2026-03-21,CHA,MEM,124,101,CHA,MEM,124,101
2026-03-21,ORL,LAL,104,105,LAL,ORL,105,104
2026-03-21,NO,CLE,106,111,CLE,NO,111,106
2026-03-21,ATL,GS,126,110,ATL,GS,126,110
2026-03-21,HOU,MIA,123,122,HOU,MIA,123,122
2026-03-21,SA,IND,134,119,SA,IND,134,119
2026-03-21,DAL,LAC,131,138,LAC,DAL,138,131
2026-03-21,UTAH,PHI,116,126,PHI,UTAH,126,116
2026-03-21,PHX,MIL,105,108,MIL,PHX,108,105
2026-03-22,DEN,POR,128,112,DEN,POR,128,112
2026-03-22,SAC,BKN,126,122,SAC,BKN,126,122
2026-03-22,NY,WSH,145,113,NY,WSH,145,113
2026-03-22,BOS,MIN,92,102,MIN,BOS,102,92
2026-03-22,PHX,TOR,120,98,PHX,TOR,120,98
2026-03-23,DET,LAL,113,110,DET,LAL,113,110
2026-03-23,ORL,IND,126,128,IND,ORL,128,126
2026-03-23,PHI,OKC,103,123,OKC,PHI,123,103
2026-03-23,MIA,SA,111,136,SA,MIA,136,111
2026-03-23,ATL,MEM,146,107,ATL,MEM,146,107
2026-03-23,CHI,HOU,132,124,CHI,HOU,132,124
2026-03-23,UTAH,TOR,127,143,TOR,UTAH,143,127
2026-03-23,DAL,GS,131,137,GS,DAL,137,131
2026-03-23,POR,BKN,134,99,POR,BKN,134,99
2026-03-23,LAC,MIL,129,96,LAC,MIL,129,96
2026-03-24,CHA,SAC,134,90,CHA,SAC,134,90
2026-03-24,NY,NO,121,116,NY,NO,121,116
2026-03-24,CLE,ORL,136,131,CLE,ORL,136,131
2026-03-24,PHX,DEN,123,125,DEN,PHX,125,123
